weather_model,policy,sunny_probability,hot_probability,sandstorm_probability,initial_water,initial_food,samples,successes,failures,failure_rate,mean_value,median_value,p05_value,minimum_value,maximum_value,mean_arrival_day,mean_penalized_value,penalized_p05_value,failure_wilson_low,failure_wilson_high,mean_penalized_ci_low,mean_penalized_ci_high
低沙暴,直达_B4,0.5,0.45,0.05,184,184,5000,5000,0,0.0,7846.294,7860.0,7625.0,7390.0,8180.0,8.4204,7846.294,7625.0,0.0,0.0007677019450571244,7842.903003378879,7849.684996621121
低沙暴,挖矿_B4,0.5,0.45,0.05,240,240,5000,5000,0,0.0,10773.7855,10830.0,9035.0,8645.0,15020.0,12.3288,10773.7855,9035.0,0.0,0.0007677019450571244,10746.013144326964,10801.557855673036
低沙暴,挖矿_B6,0.5,0.45,0.05,240,240,5000,5000,0,0.0,9925.791,9992.5,8800.0,7842.5,13185.0,11.342,9925.791,8800.0,0.0,0.0007677019450571244,9899.866366458808,9951.715633541191
基准,直达_B4,0.45,0.45,0.1,184,184,5000,5000,0,0.0,7794.274,7785.0,7555.0,7240.0,8180.0,8.906,7794.274,7555.0,0.0,0.0007677019450571244,7790.536987196706,7798.011012803295
基准,挖矿_B4,0.45,0.45,0.1,240,240,5000,4994,6,0.0012,10583.971766119343,10715.0,8915.0,8477.5,14865.0,12.662595114136964,10571.271,8880.0,0.0005500831677591556,0.002615776292629832,10542.687935946567,10599.854064053434
基准,挖矿_B6,0.45,0.45,0.1,240,240,5000,5000,0,0.0,9746.124,9887.5,8082.5,7617.5,13185.0,11.6914,9746.124,8082.5,0.0,0.0007677019450571244,9720.883079109633,9771.364920890366
不利,直达_B4,0.35,0.5,0.15,184,184,5000,4992,8,0.0016,7698.474559294872,7705.0,7470.0,7240.0,8105.0,9.412860576923077,7686.157,7470.0,0.0008109751397282834,0.0031542701591046594,7676.721198155248,7695.592801844752
不利,挖矿_B4,0.35,0.5,0.15,240,240,5000,4954,46,0.0092,10063.572870407752,9837.5,8720.0,7542.5,13867.5,12.697012515139281,9970.988,8697.5,0.0069047385482477065,0.012248837681020369,9935.186684649476,10006.789315350523
不利,挖矿_B6,0.35,0.5,0.15,240,240,5000,4995,5,0.001,9263.046046046045,9000.0,7922.5,7525.0,12107.5,11.805405405405406,9253.783,7922.5,0.00042721349110879964,0.002338953050058211,9228.947043135564,9278.618956864435
