weather_model,persistence,samples,empirical_storm_share,empirical_same_weather_rate,theoretical_same_weather_rate,mean_longest_storm_run,probability_storm_run_at_least_3,in_ambiguity_set
基准,0.0,20000,0.10003833333333334,0.41419655172413794,0.41500000000000004,1.22055,0.02445,True
基准,0.15,20000,0.10064333333333333,0.5025827586206897,0.50275,1.50795,0.11355,True
基准,0.35,20000,0.099525,0.6195448275862069,0.61975,1.8628,0.2632,True
基准,0.7,20000,0.10049666666666666,0.82465,0.8245,2.5235,0.38375,False
不利,0.0,20000,0.15097666666666668,0.3944310344827586,0.39499999999999996,1.5352,0.0807,True
不利,0.15,20000,0.15048166666666668,0.4858362068965517,0.4857499999999999,1.9106,0.22005,True
不利,0.35,20000,0.15000166666666667,0.6049241379310345,0.6067499999999999,2.4048,0.3981,True
不利,0.7,20000,0.14957,0.818051724137931,0.8185,3.4922,0.52695,False
